{
    "format_version": "1.20.80",
    "minecraft:item": {
        "description": {
            "identifier": "douarmc:size_changer",
            "menu_category": {
                "category": "equipment", 
                "is_hidden_in_commands": false 
            }
        },
        "components": {
            "minecraft:max_stack_size": 1,
            "minecraft:icon": {
                "textures": {
                    "default": "douarmc:size_changer.item_texture_shortname"
                }
            }
        }
    }
}